,,0,1,,,,,,,,,,,,,,
1. OS,,apple,android,,total,,,,,,,,,,,,
a. gender,,,,,,,,,,,,,,,,,
female,0,315,400,,715,,,,,,,,,,,,
male,1,248,400,,648,,,,,,,,,,,,
,,,,,,,,,,,,,,,,,
%female,,0.440559440559441,0.559440559440559,,1,,,,,,,,,,,,
%male,,0.382716049382716,0.617283950617284,,1,,,,,,,,,,,,
,,,,,,,,,,,,,,,,,
b. age,,,,,,,,,,,,,,,,,
-18,0,63,69,,132,,,,,,,,,,,,
18-24,1,183,167,,350,,,,,,,,,,,,
25-39,2,221,320,,541,,,,,,,,,,,,
40-59,3,79,209,,288,,,,,,,,,,,,
60+,4,18,33,,51,,,,,,,,,,,,
,,,,,,,,,,,,,,,,,
%-18,,0.477272727272727,0.522727272727273,,1,,,,,,,,,,,,
%18-24,,0.522857142857143,0.477142857142857,,1,,,,,,,,,,,,
%25-39,,0.408502772643253,0.591497227356747,,1,,,,,,,,,,,,
%40-59,,0.274305555555556,0.725694444444444,,1,,,,,,,,,,,,
%60+,,0.352941176470588,0.647058823529412,,1,,,,,,,,,,,,
,,,,,,,,,,,,,,,,,
c. employment,,,,,,,,,,,,,,,,,
full-time,0,253,325,,578,,,,,,,,,,,,
part-time,1,171,230,,401,,,,,,,,,,,,
unemployed,2,81,145,,226,,,,,,,,,,,,
retired,3,15,44,,59,,,,,,,,,,,,
,,,,,,,,,,,,,,,,,
%full-time,,0.437716262975779,0.562283737024221,,1,,,,,,,,,,,,
%part-time,,0.42643391521197,0.57356608478803,,1,,,,,,,,,,,,
%unemployed,,0.358407079646018,0.641592920353982,,1,,,,,,,,,,,,
%retired,,0.254237288135593,0.745762711864407,,1,,,,,,,,,,,,
,,,,,,,,,,,,,,,,,
d. student,,,,,,,,,,,,,,,,,
full-time,0,121,113,,234,,,,,,,,,,,,
part-time,1,61,104,,165,,,,,,,,,,,,
non-student,2,381,582,,963,,,,,,,,,,,,
,,,,,,,,,,,,,,,,,
%full-time,,0.517094017094017,0.482905982905983,,1,,,,,,,,,,,,
%part-time,,0.36969696969697,0.63030303030303,,1,,,,,,,,,,,,
%non-student,,0.395638629283489,0.604361370716511,,1,,,,,,,,,,,,
,,,,,,,,,,,,,,,,,
e. EFL,,,,,,,,,,,,,,,,,
TRUE,0,443,616,,1059,,,,,,,,,,,,
FALSE,1,118,182,,300,,,,,,,,,,,,
,,,,,,,,,,,,,,,,,
%true,,0.418319169027384,0.581680830972616,,,,,,,,,,,,,,
%false,,0.393333333333333,0.606666666666667,,,,,,,,,,,,,,
,,,,,,,,,,,,,,,,,
f. income ,,,,,,,,,,,,,,,,,
0-10,0,101,150,,251,,,,,,,,,,,,
10--20,1,97,169,,266,,,,,,,,,,,,
20--30,2,158,253,,411,,,,,,,,,,,,
30--50,3,139,159,,298,,,,,,,,,,,,
50+,4,60,60,,120,,,,,,,,,,,,
,,,,,,,,,,,,,,,,,
%0-10,,0.402390438247012,0.597609561752988,,1,,,,,,,,,,,,
%10--20,,0.364661654135338,0.635338345864662,,1,,,,,,,,,,,,
%20--30,,0.384428223844282,0.615571776155718,,1,,,,,,,,,,,,
%30--50,,0.466442953020134,0.533557046979866,,1,,,,,,,,,,,,
%50+,,0.5,0.5,,1,,,,,,,,,,,,
,,,,,,,,,,,,,,,,,
,,0,1,2,3,5,6,7,8,,,,,,,,
2. Service provider,,Metro,T-Mobile,Verizon,AT&T,Boost Mobile,Sprint,No service plan,other,,total,,,,,,
a. gender,,,,,,,,,,,,,,,,,
female,0,83,217,106,114,68,105,21,23,,737,,,,,,
male,1,83,209,89,82,64,106,12,23,,668,,,,,,
,,,,,,,,,,,,,,,,,
%female,,0.112618724559023,0.294436906377205,0.143826322930801,0.154681139755767,0.0922659430122117,0.14246947082768,0.028493894165536,0.0312075983717775,,1,,,,,,
%male,,0.124251497005988,0.312874251497006,0.133233532934132,0.122754491017964,0.0958083832335329,0.158682634730539,0.0179640718562874,0.0344311377245509,,1,,,,,,
,,,,,,,,,,,,,,,,,
b. age,,,,,,,,,,,,,,,,,
-18,0,14,51,12,21,12,22,4,4,,140,,,,,,
18-24,1,41,121,46,49,26,46,7,14,,350,,,,,,
25-39,2,63,156,83,82,58,85,11,18,,556,,,,,,
40-59,3,42,85,41,37,31,50,9,9,,304,,,,,,
60+,4,6,14,13,6,5,7,2,1,,54,,,,,,
,,,,,,,,,,,,,,,,,
%-18,,0.1,0.364285714285714,0.0857142857142857,0.15,0.0857142857142857,0.157142857142857,0.0285714285714286,0.0285714285714286,,1,,,,,,
%18-24,,0.117142857142857,0.345714285714286,0.131428571428571,0.14,0.0742857142857143,0.131428571428571,0.02,0.04,,1,,,,,,
%25-39,,0.113309352517986,0.280575539568345,0.149280575539568,0.147482014388489,0.10431654676259,0.152877697841727,0.0197841726618705,0.0323741007194245,,1,,,,,,
%40-59,,0.138157894736842,0.279605263157895,0.134868421052632,0.121710526315789,0.101973684210526,0.164473684210526,0.0296052631578947,0.0296052631578947,,1,,,,,,
%60+,,0.111111111111111,0.259259259259259,0.240740740740741,0.111111111111111,0.0925925925925926,0.12962962962963,0.037037037037037,0.0185185185185185,,1,,,,,,
,,,,,,,,,,,,,,,,,
c. employment,,,,,,,,,,,,,,,,,
full-time,0,75,177,93,78,49,98,3,16,,589,,,,,,
part-time,1,54,125,60,58,33,58,12,11,,411,,,,,,
unemployed,2,20,79,20,35,32,23,15,13,,237,,,,,,
retired,3,8,15,10,8,10,8,2,3,,64,,,,,,
,,,,,,,,,,,,,,,,,
%full-time,,0.127334465195246,0.300509337860781,0.157894736842105,0.132427843803056,0.0831918505942275,0.166383701188455,0.00509337860780985,0.0271646859083192,,1,,,,,,
%part-time,,0.131386861313869,0.304136253041363,0.145985401459854,0.141119221411192,0.0802919708029197,0.141119221411192,0.0291970802919708,0.0267639902676399,,1,,,,,,
%unemployed,,0.0843881856540084,0.333333333333333,0.0843881856540084,0.147679324894515,0.135021097046413,0.0970464135021097,0.0632911392405063,0.0548523206751055,,1,,,,,,
%retired,,0.125,0.234375,0.15625,0.125,0.15625,0.125,0.03125,0.046875,,1,,,,,,
,,,,,,,,,,,,,,,,,
d. student,,,,,,,,,,,,,,,,,
full-time,0,26,79,34,37,16,34,4,8,,238,,,,,,
part-time,1,20,52,24,24,25,16,9,0,,170,,,,,,
non-student,2,120,295,137,134,91,161,20,38,,996,,,,,,
,,,,,,,,,,,,,,,,,
%full-time,,0.109243697478992,0.331932773109244,0.142857142857143,0.15546218487395,0.0672268907563025,0.142857142857143,0.0168067226890756,0.0336134453781513,,1,,,,,,
%part-time,,0.117647058823529,0.305882352941176,0.141176470588235,0.141176470588235,0.147058823529412,0.0941176470588235,0.0529411764705882,0,,1,,,,,,
%non-student,,0.120481927710843,0.296184738955823,0.137550200803213,0.134538152610442,0.0913654618473896,0.161646586345382,0.0200803212851406,0.0381526104417671,,1,,,,,,
,,,,,,,,,,,,,,,,,
e. EFL,,,,,,,,,,,,,,,,,
TRUE,0,138,343,147,146,99,161,21,30,,1085,,,,,,
FALSE,1,28,83,47,50,31,49,11,16,,315,,,,,,
,,,,,,,,,,,,,,,,,
%true,,0.127188940092166,0.316129032258064,0.135483870967742,0.134562211981567,0.0912442396313364,0.148387096774194,0.0193548387096774,0.0276497695852535,,1,,,,,,
%false,,0.0888888888888889,0.263492063492063,0.149206349206349,0.158730158730159,0.0984126984126984,0.155555555555556,0.0349206349206349,0.0507936507936508,,,,,,,,
,,,,,,,,,,,,,,,,,
f. income ,,,,,,,,,,,,,,,,,
0-10,0,36,68,24,41,39,29,14,16,,267,,,,,,
10--20,1,53,75,35,28,30,42,2,8,,273,,,,,,
20--30,2,40,139,64,65,34,65,7,7,,421,,,,,,
30--50,3,30,104,39,39,19,54,10,7,,302,,,,,,
50+,4,6,31,31,22,8,19,0,8,,125,,,,,,
,,,,,,,,,,,,,,,,,
%0-10,,0.134831460674157,0.254681647940075,0.0898876404494382,0.153558052434457,0.146067415730337,0.108614232209738,0.052434456928839,0.0599250936329588,,1,,,,,,
%10--20,,0.194139194139194,0.274725274725275,0.128205128205128,0.102564102564103,0.10989010989011,0.153846153846154,0.00732600732600733,0.0293040293040293,,1,,,,,,
%20--30,,0.0950118764845606,0.330166270783848,0.152019002375297,0.154394299287411,0.0807600950118765,0.154394299287411,0.0166270783847981,0.0166270783847981,,1,,,,,,
%30--50,,0.0993377483443709,0.344370860927152,0.129139072847682,0.129139072847682,0.0629139072847682,0.178807947019868,0.033112582781457,0.0231788079470199,,1,,,,,,
%50+,,0.048,0.248,0.248,0.176,0.064,0.152,0,0.064,,1,,,,,,
,,,,,,,,,,,,,,,,,
,,0,1,2,3,4,,,,,,,,,,,
3. change provider,,expensive,confusing contract,bad coverage,family plan/not sure,other,,total,,,,,,,,,
a. gender,,,,,,,,,,,,,,,,,
female,0,124,25,46,25,19,,239,,,,,,,,,
male,1,88,24,31,19,14,,176,,,,,,,,,
,,,,,,,,,,,,,,,,,
%female,,0.518828451882845,0.104602510460251,0.192468619246862,0.104602510460251,0.0794979079497908,,1,,,,,,,,,
%male,,0.5,0.136363636363636,0.176136363636364,0.107954545454545,0.0795454545454545,,1,,,,,,,,,
,,,,,,,,,,,,,,,,,
b. age,,,,,,,,,,,,,,,,,
-18,0,16,3,2,22,3,,46,,,,,,,,,
18-24,1,70,9,25,11,12,,127,,,,,,,,,
25-39,2,75,23,29,5,9,,141,,,,,,,,,
40-59,3,46,11,19,2,6,,84,,,,,,,,,
60+,4,6,3,2,4,3,,18,,,,,,,,,
,,,,,,,,,,,,,,,,,
%-18,,0.347826086956522,0.0652173913043478,0.0434782608695652,0.478260869565217,0.0652173913043478,,1,,,,,,,,,
%18-24,,0.551181102362205,0.0708661417322835,0.196850393700787,0.0866141732283465,0.094488188976378,,1,,,,,,,,,
%25-39,,0.531914893617021,0.163120567375887,0.205673758865248,0.0354609929078014,0.0638297872340425,,1,,,,,,,,,
%40-59,,0.547619047619048,0.130952380952381,0.226190476190476,0.0238095238095238,0.0714285714285714,,1,,,,,,,,,
%60+,,0.333333333333333,0.166666666666667,0.111111111111111,0.222222222222222,0.166666666666667,,1,,,,,,,,,
,,,,,,,,,,,,,,,,,
c. employment,,,,,,,,,,,,,,,,,
full-time,0,82,17,38,8,12,,157,,,,,,,,,
part-time,1,67,23,18,11,8,,127,,,,,,,,,
unemployed,2,48,5,14,9,6,,82,,,,,,,,,
retired,3,6,3,2,4,3,,18,,,,,,,,,
,,,,,,,,,,,,,,,,,
%full-time,,0.522292993630573,0.10828025477707,0.24203821656051,0.0509554140127389,0.0764331210191083,,1,,,,,,,,,
%part-time,,0.52755905511811,0.181102362204724,0.141732283464567,0.0866141732283465,0.062992125984252,,1,,,,,,,,,
%unemployed,,0.585365853658537,0.0609756097560976,0.170731707317073,0.109756097560976,0.0731707317073171,,1,,,,,,,,,
%retired,,0.333333333333333,0.166666666666667,0.111111111111111,0.222222222222222,0.166666666666667,,1,,,,,,,,,
,,,,,,,,,,,,,,,,,
d. student,,,,,,,,,,,,,,,,,
full-time,0,22,6,7,16,7,,58,,,,,,,,,
part-time,1,33,6,10,3,7,,59,,,,,,,,,
non-student,2,158,37,60,25,19,,299,,,,,,,,,
,,,,,,,,,,,,,,,,,
%full-time,,0.379310344827586,0.103448275862069,0.120689655172414,0.275862068965517,0.120689655172414,,1,,,,,,,,,
%part-time,,0.559322033898305,0.101694915254237,0.169491525423729,0.0508474576271186,0.11864406779661,,1,,,,,,,,,
%non-student,,0.528428093645485,0.123745819397993,0.20066889632107,0.0836120401337793,0.0635451505016722,,1,,,,,,,,,
,,,,,,,,,,,,,,,,,
e. EFL,,,,,,,,,,,,,,,,,
TRUE,0,166,40,62,38,24,,330,,,,,,,,,
FALSE,1,46,9,15,6,7,,83,,,,,,,,,
,,,,,,,,,,,,,,,,,
%true,,0.503030303030303,0.121212121212121,0.187878787878788,0.115151515151515,0.0727272727272727,,1,,,,,,,,,
%false,,0.55421686746988,0.108433734939759,0.180722891566265,0.072289156626506,0.0843373493975904,,1,,,,,,,,,
,,,,,,,,,,,,,,,,,
f. income ,,,,,,,,,,,,,,,,,
0-10,0,45,7,17,18,9,,96,,,,,,,,,
10--20,1,53,11,11,9,8,,92,,,,,,,,,
20--30,2,64,17,28,11,6,,126,,,,,,,,,
30--50,3,38,13,17,2,7,,77,,,,,,,,,
50+,4,12,1,4,3,2,,22,,,,,,,,,
,,,,,,,,,,,,,,,,,
%0-10,,0.46875,0.0729166666666667,0.177083333333333,0.1875,0.09375,,1,,,,,,,,,
%10--20,,0.576086956521739,0.119565217391304,0.119565217391304,0.0978260869565217,0.0869565217391304,,1,,,,,,,,,
%20--30,,0.507936507936508,0.134920634920635,0.222222222222222,0.0873015873015873,0.0476190476190476,,1,,,,,,,,,
%30--50,,0.493506493506494,0.168831168831169,0.220779220779221,0.025974025974026,0.0909090909090909,,1,,,,,,,,,
%50+,,0.545454545454545,0.0454545454545455,0.181818181818182,0.136363636363636,0.0909090909090909,,1,,,,,,,,,
,,,,,,,,,,,,,,,,,
,,0,1,,,,,,,,,,,,,,
4. phone +,,yes,no,,total,,,,,,,,,,,,
a. gender,,,,,,,,,,,,,,,,,
female,0,225,527,,752,,,,,,,,,,,,
male,1,213,466,,679,,,,,,,,,,,,
,,,,,,,,,,,,,,,,,
%female,,0.299202127659574,0.700797872340426,,1,,,,,,,,,,,,
%male,,0.313696612665685,0.686303387334315,,1,,,,,,,,,,,,
,,,,,,,,,,,,,,,,,
b. age,,,,,,,,,,,,,,,,,
-18,0,42,99,,141,,,,,,,,,,,,
18-24,1,100,263,,363,,,,,,,,,,,,
25-39,2,179,379,,558,,,,,,,,,,,,
40-59,3,107,203,,310,,,,,,,,,,,,
60+,4,10,48,,58,,,,,,,,,,,,
,,,,,,,,,,,,,,,,,
%-18,,0.297872340425532,0.702127659574468,,1,,,,,,,,,,,,
%18-24,,0.275482093663912,0.724517906336088,,1,,,,,,,,,,,,
%25-39,,0.32078853046595,0.67921146953405,,1,,,,,,,,,,,,
%40-59,,0.345161290322581,0.654838709677419,,1,,,,,,,,,,,,
%60+,,0.172413793103448,0.827586206896552,,1,,,,,,,,,,,,
,,,,,,,,,,,,,,,,,
c. employment,,,,,,,,,,,,,,,,,
full-time,0,210,391,,601,,,,,,,,,,,,
part-time,1,129,287,,416,,,,,,,,,,,,
unemployed,2,56,189,,245,,,,,,,,,,,,
retired,3,14,52,,66,,,,,,,,,,,,
,,,,,,,,,,,,,,,,,
%full-time,,0.349417637271215,0.650582362728785,,1,,,,,,,,,,,,
%part-time,,0.310096153846154,0.689903846153846,,1,,,,,,,,,,,,
%unemployed,,0.228571428571429,0.771428571428571,,1,,,,,,,,,,,,
%retired,,0.212121212121212,0.787878787878788,,1,,,,,,,,,,,,
,,,,,,,,,,,,,,,,,
d. student,,,,,,,,,,,,,,,,,
full-time,0,48,192,,240,,,,,,,,,,,,
part-time,1,67,107,,174,,,,,,,,,,,,
non-student,2,323,693,,1016,,,,,,,,,,,,
,,,,,,,,,,,,,,,,,
%full-time,,0.2,0.8,,1,,,,,,,,,,,,
%part-time,,0.385057471264368,0.614942528735632,,1,,,,,,,,,,,,
%non-student,,0.317913385826772,0.682086614173228,,1,,,,,,,,,,,,
,,,,,,,,,,,,,,,,,
e. EFL,,,,,,,,,,,,,,,,,
TRUE,0,318,787,,1105,,,,,,,,,,,,
FALSE,1,120,201,,321,,,,,,,,,,,,
,,,,,,,,,,,,,,,,,
%true,,0.287782805429864,0.712217194570136,,1,,,,,,,,,,,,
%false,,0.373831775700935,0.626168224299065,,1,,,,,,,,,,,,
,,,,,,,,,,,,,,,,,
f. income ,,,,,,,,,,,,,,,,,
0-10,0,70,204,,274,,,,,,,,,,,,
10--20,1,91,188,,279,,,,,,,,,,,,
20--30,2,151,277,,428,,,,,,,,,,,,
30--50,3,90,214,,304,,,,,,,,,,,,
50+,4,34,93,,127,,,,,,,,,,,,
,,,,,,,,,,,,,,,,,
%0-10,,0.255474452554745,0.744525547445255,,1,,,,,,,,,,,,
%10--20,,0.326164874551971,0.673835125448029,,1,,,,,,,,,,,,
%20--30,,0.352803738317757,0.647196261682243,,1,,,,,,,,,,,,
%30--50,,0.296052631578947,0.703947368421053,,1,,,,,,,,,,,,
%50+,,0.267716535433071,0.732283464566929,,1,,,,,,,,,,,,
,,,,,,,,,,,,,,,,,
,,0,1,,,,,,,,,,,,,,
"If phone+, both on contact?",,yes,no,,total,,,,,,,,,,,,
phone+total,,438,995,,,,,,,,,,,,,,
,,,,,,,,,,,,,,,,,
a. gender,,,,,,,,,,,,,,,,,
female,0,72,151,,223,,,,,,,,,,,,
male,1,89,125,,214,,,,,,,,,,,,
,,,,,,,,,,,,,,,,,
%female,,0.322869955156951,0.677130044843049,,1,,,,,,,,,,,,
%male,,0.41588785046729,0.58411214953271,,1,,,,,,,,,,,,
,,,,,,,,,,,,,,,,,
b. age,,,,,,,,,,,,,,,,,
-18,0,16,25,,41,,,,,,,,,,,,
18-24,1,34,66,,100,,,,,,,,,,,,
25-39,2,71,109,,180,,,,,,,,,,,,
40-59,3,37,69,,106,,,,,,,,,,,,
60+,4,3,7,,10,,,,,,,,,,,,
,,,,,,,,,,,,,,,,,
%-18,,0.390243902439024,0.609756097560976,,1,,,,,,,,,,,,
%18-24,,0.34,0.66,,1,,,,,,,,,,,,
%25-39,,0.394444444444444,0.605555555555556,,1,,,,,,,,,,,,
%40-59,,0.349056603773585,0.650943396226415,,1,,,,,,,,,,,,
%60+,,0.3,0.7,,1,,,,,,,,,,,,
,,,,,,,,,,,,,,,,,
c. employment,,,,,,,,,,,,,,,,,
full-time,0,82,128,,210,,,,,,,,,,,,
part-time,1,40,88,,128,,,,,,,,,,,,
unemployed,2,29,29,,58,,,,,,,,,,,,
retired,3,4,10,,14,,,,,,,,,,,,
,,,,,,,,,,,,,,,,,
%full-time,,0.39047619047619,0.60952380952381,,1,,,,,,,,,,,,
%part-time,,0.3125,0.6875,,1,,,,,,,,,,,,
%unemployed,,0.5,0.5,,1,,,,,,,,,,,,
%retired,,0.285714285714286,0.714285714285714,,1,,,,,,,,,,,,
,,,,,,,,,,,,,,,,,
d. student,,,,,,,,,,,,,,,,,
full-time,0,16,33,,49,,,,,,,,,,,,
part-time,1,17,51,,68,,,,,,,,,,,,
non-student,2,128,192,,320,,,,,,,,,,,,
,,,,,,,,,,,,,,,,,
%full-time,,0.326530612244898,0.673469387755102,,1,,,,,,,,,,,,
%part-time,,0.25,0.75,,1,,,,,,,,,,,,
%non-student,,0.4,0.6,,1,,,,,,,,,,,,
,,,,,,,,,,,,,,,,,
e. EFL,,,,,,,,,,,,,,,,,
TRUE,0,130,189,,319,,,,,,,,,,,,
FALSE,1,31,87,,118,,,,,,,,,,,,
,,,,,,,,,,,,,,,,,
%true,,0.407523510971787,0.592476489028213,,1,,,,,,,,,,,,
%false,,0.26271186440678,0.73728813559322,,1,,,,,,,,,,,,
,,,,,,,,,,,,,,,,,
f. income ,,,,,,,,,,,,,,,,,
0-10,0,26,45,,71,,,,,,,,,,,,
10--20,1,31,62,,93,,,,,,,,,,,,
20--30,2,39,110,,149,,,,,,,,,,,,
30--50,3,44,45,,89,,,,,,,,,,,,
50+,4,20,13,,33,,,,,,,,,,,,
,,,,,,,,,,,,,,,,,
%0-10,,0.366197183098592,0.633802816901408,,1,,,,,,,,,,,,
%10--20,,0.333333333333333,0.666666666666667,,1,,,,,,,,,,,,
%20--30,,0.261744966442953,0.738255033557047,,1,,,,,,,,,,,,
%30--50,,0.49438202247191,0.50561797752809,,1,,,,,,,,,,,,
%50+,,0.606060606060606,0.393939393939394,,1,,,,,,,,,,,,
,,,,,,,,,,,,,,,,,
,,0,0,0,0,0,0,0,0,0,0,0,,,,,
App use ,,game,bus/train,socialmedia,calendar,messapp,email,music,bank,weather,browse,news,,total,,notes,
"*%s reflect total group that responded yes to using app category, thus they don’t equal 100%",,,,,,,,,,,,,,,,"interactive to list all app categories, sift for different combinations (games+weather+news OR email+bus/train)",
a. gender,,,,,,,,,,,,,,,,,
female,0,586,416,596,490,395,609,633,328,536,623,404,,756,,,
male,1,475,322,473,411,286,524,554,269,454,542,345,,681,,,
,,,,,,,,,,,,,,,,,
%female,,0.775132275132275,0.55026455026455,0.788359788359788,0.648148148148148,0.522486772486772,0.805555555555556,0.837301587301587,0.433862433862434,0.708994708994709,0.824074074074074,0.534391534391534,,,,,
%male,,0.697503671071953,0.472834067547724,0.694566813509545,0.60352422907489,0.419970631424376,0.769456681350954,0.813509544787078,0.395007342143906,0.666666666666667,0.795888399412628,0.506607929515419,,,,,
,,,,,,,,,,,,,,,,,
b. age,,,,,,,,,,,,,,,,,
-18,0,128,76,130,71,80,96,129,23,72,113,37,,142,,,
18-24,1,306,197,324,221,216,294,307,158,258,305,175,,363,,,
25-39,2,433,302,451,378,298,481,493,269,417,471,325,,561,,,
40-59,3,170,143,147,191,76,233,229,127,205,242,180,,312,,,
60+,4,22,20,15,39,10,27,27,19,39,34,32,,58,,,
,,,,,,,,,,,,,,,,,
%-18,,0.901408450704225,0.535211267605634,0.915492957746479,0.5,0.563380281690141,0.676056338028169,0.908450704225352,0.161971830985915,0.507042253521127,0.795774647887324,0.26056338028169,,,,,
%18-24,,0.84297520661157,0.542699724517906,0.892561983471074,0.608815426997245,0.59504132231405,0.809917355371901,0.845730027548209,0.435261707988981,0.710743801652893,0.840220385674931,0.482093663911846,,,,,
%25-39,,0.771836007130125,0.538324420677362,0.803921568627451,0.67379679144385,0.531194295900178,0.857397504456328,0.878787878787879,0.479500891265597,0.74331550802139,0.839572192513369,0.579322638146168,,,,,
%40-59,,0.544871794871795,0.458333333333333,0.471153846153846,0.612179487179487,0.243589743589744,0.746794871794872,0.733974358974359,0.407051282051282,0.657051282051282,0.775641025641026,0.576923076923077,,,,,
%60+,,0.379310344827586,0.344827586206897,0.258620689655172,0.672413793103448,0.172413793103448,0.46551724137931,0.46551724137931,0.327586206896552,0.672413793103448,0.586206896551724,0.551724137931034,,,,,
,,,,,,,,,,,,,,,,,
c. employment,,,,,,,,,,,,,,,,,
full-time,0,414,321,440,406,265,505,493,323,422,484,366,,602,,,
part-time,1,331,221,316,257,211,332,364,172,313,365,196,,418,,,
unemployed,2,196,121,196,141,131,187,199,66,145,190,113,,246,,,
retired,3,27,27,22,42,12,33,35,22,45,36,36,,67,,,
,,,,,,,,,,,,,,,,,
%full-time,,0.687707641196013,0.533222591362126,0.730897009966777,0.674418604651163,0.440199335548173,0.838870431893688,0.818936877076412,0.536544850498339,0.700996677740864,0.803986710963455,0.60797342192691,,,,,
%part-time,,0.791866028708134,0.528708133971292,0.755980861244019,0.614832535885168,0.504784688995215,0.794258373205742,0.870813397129187,0.411483253588517,0.748803827751196,0.873205741626794,0.4688995215311,,,,,
%unemployed,,0.796747967479675,0.491869918699187,0.796747967479675,0.573170731707317,0.532520325203252,0.760162601626016,0.808943089430894,0.268292682926829,0.589430894308943,0.772357723577236,0.459349593495935,,,,,
%retired,,0.402985074626866,0.402985074626866,0.328358208955224,0.626865671641791,0.17910447761194,0.492537313432836,0.522388059701492,0.328358208955224,0.671641791044776,0.537313432835821,0.537313432835821,,,,,
,,,,,,,,,,,,,,,,,
d. student,,,,,,,,,,,,,,,,,
full-time,0,193,136,212,165,148,201,205,94,172,201,114,,241,,,
part-time,1,153,105,142,109,108,137,150,79,131,146,102,,175,,,
non-student,2,714,497,713,626,424,794,831,423,687,818,533,,1020,,,
,,,,,,,,,,,,,,,,,
%full-time,,0.800829875518672,0.564315352697095,0.879668049792531,0.684647302904564,0.614107883817427,0.83402489626556,0.850622406639004,0.390041493775934,0.713692946058091,0.83402489626556,0.473029045643154,,,,,
%part-time,,0.874285714285714,0.6,0.811428571428571,0.622857142857143,0.617142857142857,0.782857142857143,0.857142857142857,0.451428571428571,0.748571428571429,0.834285714285714,0.582857142857143,,,,,
%non-student,,0.7,0.487254901960784,0.699019607843137,0.613725490196078,0.415686274509804,0.77843137254902,0.814705882352941,0.414705882352941,0.673529411764706,0.801960784313726,0.522549019607843,,,,,
,,,,,,,,,,,,,,,,,
e. EFL,,,,,,,,,,,,,,,,,
TRUE,0,827,573,852,679,521,867,914,457,750,884,560,,1111,,,
FALSE,1,229,165,214,220,158,262,269,139,239,278,188,,321,,,
,,,,,,,,,,,,,,,,,
%true,,0.744374437443744,0.515751575157516,0.766876687668767,0.611161116111611,0.468946894689469,0.78037803780378,0.822682268226823,0.411341134113411,0.675067506750675,0.795679567956796,0.504050405040504,,,,,
%false,,0.713395638629283,0.514018691588785,0.666666666666667,0.685358255451713,0.492211838006231,0.81619937694704,0.838006230529595,0.433021806853583,0.744548286604361,0.866043613707165,0.585669781931464,,,,,
,,,,,,,,,,,,,,,,,
f. income ,,,,,,,,,,,,,,,,,
0-10,0,236,134,224,154,137,207,230,68,154,200,125,,276,,,
10--20,1,217,145,208,185,138,220,230,103,197,223,149,,280,,,
20--30,2,319,198,299,265,204,330,366,172,328,362,220,,428,,,
30--50,3,198,185,227,200,135,252,244,174,206,266,174,,307,,,
50+,4,77,69,97,86,54,109,103,74,95,102,75,,127,,,
,,,,,,,,,,,,,,,,,
%0-10,,0.855072463768116,0.485507246376812,0.811594202898551,0.557971014492754,0.496376811594203,0.75,0.833333333333333,0.246376811594203,0.557971014492754,0.72463768115942,0.452898550724638,,,,,
%10--20,,0.775,0.517857142857143,0.742857142857143,0.660714285714286,0.492857142857143,0.785714285714286,0.821428571428571,0.367857142857143,0.703571428571429,0.796428571428571,0.532142857142857,,,,,
%20--30,,0.745327102803738,0.462616822429907,0.698598130841122,0.619158878504673,0.476635514018692,0.771028037383178,0.855140186915888,0.401869158878505,0.766355140186916,0.845794392523365,0.514018691588785,,,,,
%30--50,,0.644951140065147,0.602605863192182,0.739413680781759,0.651465798045603,0.439739413680782,0.820846905537459,0.794788273615635,0.566775244299674,0.671009771986971,0.866449511400652,0.566775244299674,,,,,
%50+,,0.606299212598425,0.543307086614173,0.763779527559055,0.677165354330709,0.425196850393701,0.858267716535433,0.811023622047244,0.582677165354331,0.748031496062992,0.803149606299213,0.590551181102362,,,,,
,,,,,,,,,,,,,,,,,
,,0,1,,,,,,,,,,,,,,
Paid for app,,yes,no,,total,,,,,,,,,,,,
a. gender,,,,,,,,,,,,,,,,,
female,0,237,512,,749,,,,,,,,,,,,
male,1,222,447,,669,,,,,,,,,,,,
,,,,,,,,,,,,,,,,,
%female,,0.316421895861148,0.683578104138852,,1,,,,,,,,,,,,
%male,,0.331838565022422,0.668161434977579,,1,,,,,,,,,,,,
,,,,,,,,,,,,,,,,,
b. age,,,,,,,,,,,,,,,,,
-18,0,36,104,,140,,,,,,,,,,,,
18-24,1,131,227,,358,,,,,,,,,,,,
25-39,2,195,361,,556,,,,,,,,,,,,
40-59,3,85,221,,306,,,,,,,,,,,,
60+,4,12,45,,57,,,,,,,,,,,,
,,,,,,,,,,,,,,,,,
%-18,,0.257142857142857,0.742857142857143,,1,,,,,,,,,,,,
%18-24,,0.365921787709497,0.634078212290503,,1,,,,,,,,,,,,
%25-39,,0.350719424460432,0.649280575539568,,1,,,,,,,,,,,,
%40-59,,0.277777777777778,0.722222222222222,,1,,,,,,,,,,,,
%60+,,0.210526315789474,0.789473684210526,,1,,,,,,,,,,,,
,,,,,,,,,,,,,,,,,
c. employment,,,,,,,,,,,,,,,,,
full-time,0,221,371,,592,,,,,,,,,,,,
part-time,1,138,276,,414,,,,,,,,,,,,
unemployed,2,53,190,,243,,,,,,,,,,,,
retired,3,15,51,,66,,,,,,,,,,,,
,,,,,,,,,,,,,,,,,
%full-time,,0.373310810810811,0.626689189189189,,1,,,,,,,,,,,,
%part-time,,0.333333333333333,0.666666666666667,,1,,,,,,,,,,,,
%unemployed,,0.218106995884774,0.781893004115226,,1,,,,,,,,,,,,
%retired,,0.227272727272727,0.772727272727273,,1,,,,,,,,,,,,
,,,,,,,,,,,,,,,,,
d. student,,,,,,,,,,,,,,,,,
full-time,0,89,150,,239,,,,,,,,,,,,
part-time,1,64,107,,171,,,,,,,,,,,,
non-student,2,305,702,,1007,,,,,,,,,,,,
,,,,,,,,,,,,,,,,,
%full-time,,0.372384937238494,0.627615062761506,,1,,,,,,,,,,,,
%part-time,,0.374269005847953,0.625730994152047,,1,,,,,,,,,,,,
%non-student,,0.302879841112214,0.697120158887785,,1,,,,,,,,,,,,
,,,,,,,,,,,,,,,,,
e. EFL,,,,,,,,,,,,,,,,,
TRUE,0,348,746,,1094,,,,,,,,,,,,
FALSE,1,109,210,,319,,,,,,,,,,,,
,,,,,,,,,,,,,,,,,
%true,,0.318098720292505,0.681901279707495,,1,,,,,,,,,,,,
%false,,0.341692789968652,0.658307210031348,,1,,,,,,,,,,,,
,,,,,,,,,,,,,,,,,
f. income ,,,,,,,,,,,,,,,,,
0-10,0,75,197,,272,,,,,,,,,,,,
10--20,1,78,199,,277,,,,,,,,,,,,
20--30,2,145,280,,425,,,,,,,,,,,,
30--50,3,99,202,,301,,,,,,,,,,,,
50+,4,58,66,,124,,,,,,,,,,,,
,,,,,,,,,,,,,,,,,
%0-10,,0.275735294117647,0.724264705882353,,1,,,,,,,,,,,,
%10--20,,0.28158844765343,0.71841155234657,,1,,,,,,,,,,,,
%20--30,,0.341176470588235,0.658823529411765,,1,,,,,,,,,,,,
%30--50,,0.32890365448505,0.67109634551495,,1,,,,,,,,,,,,
%50+,,0.467741935483871,0.532258064516129,,1,,,,,,,,,,,,
,,,,,,,,,,,,,,,,,
,,0,0,0,0,,,,,,,,,,,,
Method to communicate,,text,call,FB,email,,total,,,,,,,,,,
a. gender,,,,,,,,,,,,,,,,,
female,0,158,99,82,30,,369,,,,,,,,,,
male,1,116,114,91,36,,357,,,,,,,,,,
,,,,,,,,,,,,,,,,,
%female,,0.428184281842818,0.268292682926829,0.222222222222222,0.0813008130081301,,,,,,,,,,,,
%male,,0.324929971988796,0.319327731092437,0.254901960784314,0.100840336134454,,,,,,,,,,,,
,,,,,,,,,,,,,,,,,
b. age,,,,,,,,,,,,,,,,,
-18,0,33,16,16,7,,72,,,,,,,,,,
18-24,1,83,37,40,16,,176,,,,,,,,,,
25-39,2,119,76,48,29,,272,,,,,,,,,,
40-59,3,34,68,57,10,,169,,,,,,,,,,
60+,4,6,14,12,4,,36,,,,,,,,,,
,,,,,,,,,,,,,,,,,
%-18,,0.458333333333333,0.222222222222222,0.222222222222222,0.0972222222222222,,,,,,,,,,,,
%18-24,,0.471590909090909,0.210227272727273,0.227272727272727,0.0909090909090909,,,,,,,,,,,,
%25-39,,0.4375,0.279411764705882,0.176470588235294,0.106617647058824,,,,,,,,,,,,
%40-59,,0.201183431952663,0.402366863905325,0.337278106508876,0.0591715976331361,,,,,,,,,,,,
%60+,,0.166666666666667,0.388888888888889,0.333333333333333,0.111111111111111,,,,,,,,,,,,
,,,,,,,,,,,,,,,,,
c. employment,,,,,,,,,,,,,,,,,
full-time,0,127,105,77,31,,340,,,,,,,,,,
part-time,1,66,42,47,14,,169,,,,,,,,,,
unemployed,2,45,31,25,12,,113,,,,,,,,,,
retired,3,8,18,12,4,,42,,,,,,,,,,
,,,,,,,,,,,,,,,,,
%full-time,,0.373529411764706,0.308823529411765,0.226470588235294,0.0911764705882353,,,,,,,,,,,,
%part-time,,0.390532544378698,0.248520710059172,0.27810650887574,0.0828402366863905,,,,,,,,,,,,
%unemployed,,0.398230088495575,0.274336283185841,0.221238938053097,0.106194690265487,,,,,,,,,,,,
%retired,,0.19047619047619,0.428571428571429,0.285714285714286,0.0952380952380952,,,,,,,,,,,,
,,,,,,,,,,,,,,,,,
d. student,,,,,,,,,,,,,,,,,
full-time,0,48,22,16,8,,94,,,,,,,,,,
part-time,1,34,23,14,8,,79,,,,,,,,,,
non-student,2,193,168,143,50,,554,,,,,,,,,,
,,,,,,,,,,,,,,,,,
%full-time,,0.51063829787234,0.234042553191489,0.170212765957447,0.0851063829787234,,,,,,,,,,,,
%part-time,,0.430379746835443,0.291139240506329,0.177215189873418,0.10126582278481,,,,,,,,,,,,
%non-student,,0.348375451263538,0.303249097472924,0.25812274368231,0.0902527075812274,,,,,,,,,,,,
,,,,,,,,,,,,,,,,,
e. EFL,,,,,,,,,,,,,,,,,
TRUE,0,230,163,130,54,,577,,,,,,,,,,
FALSE,1,44,48,43,12,,147,,,,,,,,,,
,,,,,,,,,,,,,,,,,
%true,,0.398613518197574,0.282495667244367,0.225303292894281,0.0935875216637782,,,,,,,,,,,,
%false,,0.299319727891156,0.326530612244898,0.292517006802721,0.0816326530612245,,,,,,,,,,,,
,,,,,,,,,,,,,,,,,
f. income ,,,,,,,,,,,,,,,,,
0-10,0,59,42,37,14,,152,,,,,,,,,,
10--20,1,66,36,34,15,,151,,,,,,,,,,
20--30,2,67,51,59,14,,191,,,,,,,,,,
30--50,3,48,58,32,15,,153,,,,,,,,,,
50+,4,34,24,10,8,,76,,,,,,,,,,
,,,,,,,,,,,,,,,,,
%0-10,,0.388157894736842,0.276315789473684,0.243421052631579,0.0921052631578947,,,,,,,,,,,,
%10--20,,0.437086092715232,0.23841059602649,0.225165562913907,0.0993377483443709,,,,,,,,,,,,
%20--30,,0.350785340314136,0.267015706806283,0.308900523560209,0.0732984293193717,,,,,,,,,,,,
%30--50,,0.313725490196078,0.379084967320261,0.209150326797386,0.0980392156862745,,,,,,,,,,,,
%50+,,0.447368421052632,0.315789473684211,0.131578947368421,0.105263157894737,,,,,,,,,,,,
,,,,,,,,,,,,,,,,,
,,0,0,0,0,,,,,,,,,,,,
Trust in tech,,bought,filled form,public profile,bank,,total,,bought & bank?,bought & not bank?,,,,,,,
*this is % that do task online; does not equal 1 because there is overlap (some buy and fill forms and bank) so it’s % of total population that do it,,,,,,,,,,,,,,,,,
a. gender,,,,,,,,,,,,,,,,,
female,0,545,258,495,344,,756,,301,224,,,,,,,
male,1,473,222,403,307,,681,,261,197,,,,,,,
,,,,,,,,,,,,,,,,,
%female,,0.720899470899471,0.341269841269841,0.654761904761905,0.455026455026455,,,,0.398148148148148,0.296296296296296,,,,,,,
%male,,0.694566813509545,0.325991189427313,0.591776798825257,0.450807635829662,,,,0.383259911894273,0.28928046989721,,,,,,,
,,,,,,,,,,,,,,,,,
b. age,,,,,,,,,,,,,,,,,
-18,0,75,19,100,23,,142,,16,53,,,,,,,
18-24,1,272,123,262,164,,363,,148,115,,,,,,,
25-39,2,420,186,376,290,,561,,247,162,,,,,,,
40-59,3,231,133,149,154,,312,,139,83,,,,,,,
60+,4,20,19,9,19,,58,,11,9,,,,,,,
,,,,,,,,,,,,,,,,,
%-18,,0.528169014084507,0.133802816901408,0.704225352112676,0.161971830985915,,,,0.112676056338028,0.373239436619718,,,,,,,
%18-24,,0.74931129476584,0.338842975206612,0.721763085399449,0.451790633608815,,,,0.40771349862259,0.316804407713499,,,,,,,
%25-39,,0.748663101604278,0.331550802139037,0.670231729055259,0.516934046345811,,,,0.440285204991087,0.288770053475936,,,,,,,
%40-59,,0.740384615384615,0.426282051282051,0.477564102564103,0.493589743589744,,,,0.445512820512821,0.266025641025641,,,,,,,
%60+,,0.344827586206897,0.327586206896552,0.155172413793103,0.327586206896552,,,,0.189655172413793,0.155172413793103,,,,,,,
,,,,,,,,,,,,,,,,,
c. employment,,,,,,,,,,,,,,,,,
full-time,0,461,185,383,350,,602,,307,144,,,,,,,
part-time,1,331,177,268,188,,418,,167,151,,,,,,,
unemployed,2,143,67,154,68,,246,,54,78,,,,,,,
retired,3,33,24,17,23,,67,,16,17,,,,,,,
,,,,,,,,,,,,,,,,,
%full-time,,0.76578073089701,0.307308970099668,0.636212624584718,0.581395348837209,,,,0.509966777408638,0.239202657807309,,,,,,,
%part-time,,0.791866028708134,0.423444976076555,0.641148325358852,0.449760765550239,,,,0.399521531100478,0.361244019138756,,,,,,,
%unemployed,,0.58130081300813,0.272357723577236,0.626016260162602,0.276422764227642,,,,0.219512195121951,0.317073170731707,,,,,,,
%retired,,0.492537313432836,0.358208955223881,0.253731343283582,0.343283582089552,,,,0.238805970149254,0.253731343283582,,,,,,,
,,,,,,,,,,,,,,,,,
d. student,,,,,,,,,,,,,,,,,
full-time,0,144,54,150,97,,241,,80,60,,,,,,,
part-time,1,135,61,124,82,,175,,72,51,,,,,,,
non-student,2,739,364,623,472,,1020,,410,310,,,,,,,
,,,,,,,,,,,,,,,,,
%full-time,,0.597510373443983,0.224066390041494,0.622406639004149,0.402489626556017,,,,0.33195020746888,0.24896265560166,,,,,,,
%part-time,,0.771428571428571,0.348571428571429,0.708571428571429,0.468571428571429,,,,0.411428571428571,0.291428571428571,,,,,,,
%non-student,,0.724509803921569,0.356862745098039,0.61078431372549,0.462745098039216,,,,0.401960784313726,0.303921568627451,,,,,,,
,,,,,,,,,,,,,,,,,
e. EFL,,,,,,,,,,,,,,,,,
TRUE,0,783,366,694,496,,1111,,431,321,,,,,,,
FALSE,1,234,113,202,154,,321,,130,100,,,,,,,
,,,,,,,,,,,,,,,,,
%true,,0.704770477047705,0.329432943294329,0.624662466246625,0.446444644464446,,,,0.387938793879388,0.288928892889289,,,,,,,
%false,,0.728971962616822,0.35202492211838,0.629283489096573,0.479750778816199,,,,0.404984423676012,0.311526479750779,,,,,,,
,,,,,,,,,,,,,,,,,
f. income ,,,,,,,,,,,,,,,,,
0-10,0,148,54,168,70,,276,,53,94,,,,,,,
10--20,1,182,82,176,104,,280,,85,95,,,,,,,
20--30,2,338,176,282,205,,428,,182,150,,,,,,,
30--50,3,245,122,192,190,,307,,170,54,,,,,,,
50+,4,96,39,72,76,,127,,68,23,,,,,,,
,,,,,,,,,,,,,,,,,
%0-10,,0.536231884057971,0.195652173913043,0.608695652173913,0.253623188405797,,,,0.192028985507246,0.340579710144928,,,,,,,
%10--20,,0.65,0.292857142857143,0.628571428571429,0.371428571428571,,,,0.303571428571429,0.339285714285714,,,,,,,
%20--30,,0.789719626168224,0.411214953271028,0.658878504672897,0.478971962616822,,,,0.425233644859813,0.350467289719626,,,,,,,
%30--50,,0.798045602605863,0.397394136807818,0.625407166123778,0.618892508143323,,,,0.553745928338762,0.175895765472313,,,,,,,
%50+,,0.755905511811024,0.307086614173228,0.566929133858268,0.598425196850394,,,,0.535433070866142,0.181102362204724,,,,,,,
,,,,,,,,,,,,,,,,,
,,0,1,,,,,,,,,,,,,,
Basic phone-- gov or not,,gov,other,,total,,,,,,,,,,,,
a. gender,,,,,,,,,,,,,,,,,
female,0,63,12,,75,,,,,,,,,,,,
male,1,38,22,,60,,,,,,,,,,,,
,,,,,,,,,,,,,,,,,
%female,,0.84,0.16,,1,,,,,,,,,,,,
%male,,0.633333333333333,0.366666666666667,,1,,,,,,,,,,,,
,,,,,,,,,,,,,,,,,
b. age,,,,,,,,,,,,,,,,,
-18,0,14,12,,26,,,,,,,,,,,,
18-24,1,24,22,,46,,,,,,,,,,,,
25-39,2,25,47,,72,,,,,,,,,,,,
40-59,3,17,55,,72,,,,,,,,,,,,
60+,4,22,15,,37,,,,,,,,,,,,
,,,,,,,,,,,,,,,,,
%-18,,0.538461538461538,0.461538461538462,,1,,,,,,,,,,,,
%18-24,,0.521739130434783,0.478260869565217,,1,,,,,,,,,,,,
%25-39,,0.347222222222222,0.652777777777778,,1,,,,,,,,,,,,
%40-59,,0.236111111111111,0.763888888888889,,1,,,,,,,,,,,,
%60+,,0.594594594594595,0.405405405405405,,1,,,,,,,,,,,,
,,,,,,,,,,,,,,,,,
c. employment,,,,,,,,,,,,,,,,,
full-time,0,15,38,,53,,,,,,,,,,,,
part-time,1,25,52,,77,,,,,,,,,,,,
unemployed,2,37,37,,74,,,,,,,,,,,,
retired,3,19,19,,38,,,,,,,,,,,,
,,,,,,,,,,,,,,,,,
%full-time,,0.283018867924528,0.716981132075472,,1,,,,,,,,,,,,
%part-time,,0.324675324675325,0.675324675324675,,1,,,,,,,,,,,,
%unemployed,,0.5,0.5,,1,,,,,,,,,,,,
%retired,,0.5,0.5,,1,,,,,,,,,,,,
,,,,,,,,,,,,,,,,,
d. student,,,,,,,,,,,,,,,,,
full-time,0,7,10,,17,,,,,,,,,,,,
part-time,1,5,7,,12,,,,,,,,,,,,
non-student,2,90,134,,224,,,,,,,,,,,,
,,,,,,,,,,,,,,,,,
%full-time,,0.411764705882353,0.588235294117647,,1,,,,,,,,,,,,
%part-time,,0.416666666666667,0.583333333333333,,1,,,,,,,,,,,,
%non-student,,0.401785714285714,0.598214285714286,,1,,,,,,,,,,,,
,,,,,,,,,,,,,,,,,
e. EFL,,,,,,,,,,,,,,,,,
TRUE,0,85,108,,193,,,,,,,,,,,,
FALSE,1,17,43,,60,,,,,,,,,,,,
,,,,,,,,,,,,,,,,,
%true,,0.440414507772021,0.559585492227979,,1,,,,,,,,,,,,
%false,,0.283333333333333,0.716666666666667,,1,,,,,,,,,,,,
,,,,,,,,,,,,,,,,,
f. income ,,,,,,,,,,,,,,,,,
0-10,0,29,25,,54,,,,,,,,,,,,
10--20,1,27,52,,79,,,,,,,,,,,,
20--30,2,25,50,,75,,,,,,,,,,,,
30--50,3,19,19,,38,,,,,,,,,,,,
50+,4,2,2,,4,,,,,,,,,,,,
,,,,,,,,,,,,,,,,,
%0-10,,0.537037037037037,0.462962962962963,,1,,,,,,,,,,,,
%10--20,,0.341772151898734,0.658227848101266,,1,,,,,,,,,,,,
%20--30,,0.333333333333333,0.666666666666667,,1,,,,,,,,,,,,
%30--50,,0.5,0.5,,1,,,,,,,,,,,,
%50+,,0.5,0.5,,1,,,,,,,,,,,,
,,,,,,,,,,,,,,,,,
,,0,1,2,,,,,,,,,,,,,
Basic phone-- freq of use,,hourly or more,few times a day,every few days,,total,,,,,,,,,,,
a. gender,,,,,,,,,,,,,,,,,
female,0,57,63,17,,137,,,,,,,,,,,
male,1,42,66,8,,116,,,,,,,,,,,
,,,,,,,,,,,,,,,,,
%female,,0.416058394160584,0.45985401459854,0.124087591240876,,1,,,,,,,,,,,
%male,,0.362068965517241,0.568965517241379,0.0689655172413793,,1,,,,,,,,,,,
,,,,,,,,,,,,,,,,,
b. age,,,,,,,,,,,,,,,,,
-18,0,14,11,2,,27,,,,,,,,,,,
18-24,1,17,25,4,,46,,,,,,,,,,,
25-39,2,35,35,2,,72,,,,,,,,,,,
40-59,3,30,35,7,,72,,,,,,,,,,,
60+,4,3,24,10,,37,,,,,,,,,,,
,,,,,,,,,,,,,,,,,
%-18,,0.518518518518518,0.407407407407407,0.0740740740740741,,1,,,,,,,,,,,
%18-24,,0.369565217391304,0.543478260869565,0.0869565217391304,,1,,,,,,,,,,,
%25-39,,0.486111111111111,0.486111111111111,0.0277777777777778,,1,,,,,,,,,,,
%40-59,,0.416666666666667,0.486111111111111,0.0972222222222222,,1,,,,,,,,,,,
%60+,,0.0810810810810811,0.648648648648649,0.27027027027027,,1,,,,,,,,,,,
,,,,,,,,,,,,,,,,,
c. employment,,,,,,,,,,,,,,,,,
full-time,0,27,21,5,,53,,,,,,,,,,,
part-time,1,35,40,2,,77,,,,,,,,,,,
unemployed,2,29,39,7,,75,,,,,,,,,,,
retired,3,4,24,10,,38,,,,,,,,,,,
,,,,,,,,,,,,,,,,,
%full-time,,0.509433962264151,0.39622641509434,0.0943396226415094,,1,,,,,,,,,,,
%part-time,,0.454545454545455,0.519480519480519,0.025974025974026,,1,,,,,,,,,,,
%unemployed,,0.386666666666667,0.52,0.0933333333333333,,1,,,,,,,,,,,
%retired,,0.105263157894737,0.631578947368421,0.263157894736842,,1,,,,,,,,,,,
,,,,,,,,,,,,,,,,,
d. student,,,,,,,,,,,,,,,,,
full-time,0,5,11,2,,18,,,,,,,,,,,
part-time,1,7,5,0,,12,,,,,,,,,,,
non-student,2,87,114,23,,224,,,,,,,,,,,
,,,,,,,,,,,,,,,,,
%full-time,,0.277777777777778,0.611111111111111,0.111111111111111,,1,,,,,,,,,,,
%part-time,,0.583333333333333,0.416666666666667,0,,1,,,,,,,,,,,
%non-student,,0.388392857142857,0.508928571428571,0.102678571428571,,1,,,,,,,,,,,
,,,,,,,,,,,,,,,,,
e. EFL,,,,,,,,,,,,,,,,,
TRUE,0,80,94,20,,194,,,,,,,,,,,
FALSE,1,19,36,5,,60,,,,,,,,,,,
,,,,,,,,,,,,,,,,,
%true,,0.412371134020619,0.484536082474227,0.103092783505155,,1,,,,,,,,,,,
%false,,0.316666666666667,0.6,0.0833333333333333,,1,,,,,,,,,,,
,,,,,,,,,,,,,,,,,
f. income ,,,,,,,,,,,,,,,,,
0-10,0,22,30,3,,55,,,,,,,,,,,
10--20,1,34,42,3,,79,,,,,,,,,,,
20--30,2,27,39,9,,75,,,,,,,,,,,
30--50,3,15,15,8,,38,,,,,,,,,,,
50+,4,1,2,1,,4,,,,,,,,,,,
,,,,,,0,,,,,,,,,,,
%0-10,,0.4,0.545454545454545,0.0545454545454545,,1,,,,,,,,,,,
%10--20,,0.430379746835443,0.531645569620253,0.0379746835443038,,1,,,,,,,,,,,
%20--30,,0.36,0.52,0.12,,1,,,,,,,,,,,
%30--50,,0.394736842105263,0.394736842105263,0.210526315789474,,1,,,,,,,,,,,
%50+,,0.25,0.5,0.25,,1,,,,,,,,,,,
,,,,,,,,,,,,,,,,,
,,0,1,,,,,,,,,,,,,,
Basic phone-- sharing,,yes,no,,total,,,,,,,,,,,,
a. gender,,,,,,,,,,,,,,,,,
female,0,40,97,,137,,,,,,,,,,,,
male,1,31,85,,116,,,,,,,,,,,,
,,,,,,,,,,,,,,,,,
%female,,0.291970802919708,0.708029197080292,,1,,,,,,,,,,,,
%male,,0.267241379310345,0.732758620689655,,1,,,,,,,,,,,,
,,,,,,,,,,,,,,,,,
b. age,,,,,,,,,,,,,,,,,
-18,0,7,20,,27,,,,,,,,,,,,
18-24,1,11,35,,46,,,,,,,,,,,,
25-39,2,25,47,,72,,,,,,,,,,,,
40-59,3,19,53,,72,,,,,,,,,,,,
60+,4,9,28,,37,,,,,,,,,,,,
,,,,,,,,,,,,,,,,,
%-18,,0.259259259259259,0.740740740740741,,1,,,,,,,,,,,,
%18-24,,0.239130434782609,0.760869565217391,,1,,,,,,,,,,,,
%25-39,,0.347222222222222,0.652777777777778,,1,,,,,,,,,,,,
%40-59,,0.263888888888889,0.736111111111111,,1,,,,,,,,,,,,
%60+,,0.243243243243243,0.756756756756757,,1,,,,,,,,,,,,
,,,,,,,,,,,,,,,,,
c. employment,,,,,,,,,,,,,,,,,
full-time,0,19,34,,53,,,,,,,,,,,,
part-time,1,12,65,,77,,,,,,,,,,,,
unemployed,2,29,46,,75,,,,,,,,,,,,
retired,3,8,30,,38,,,,,,,,,,,,
,,,,,,,,,,,,,,,,,
%full-time,,0.358490566037736,0.641509433962264,,1,,,,,,,,,,,,
%part-time,,0.155844155844156,0.844155844155844,,1,,,,,,,,,,,,
%unemployed,,0.386666666666667,0.613333333333333,,1,,,,,,,,,,,,
%retired,,0.210526315789474,0.789473684210526,,1,,,,,,,,,,,,
,,,,,,,,,,,,,,,,,
d. student,,,,,,,,,,,,,,,,,
full-time,0,3,15,,18,,,,,,,,,,,,
part-time,1,5,7,,12,,,,,,,,,,,,
non-student,2,63,161,,224,,,,,,,,,,,,
,,,,,,,,,,,,,,,,,
%full-time,,0.166666666666667,0.833333333333333,,1,,,,,,,,,,,,
%part-time,,0.416666666666667,0.583333333333333,,1,,,,,,,,,,,,
%non-student,,0.28125,0.71875,,1,,,,,,,,,,,,
,,,,,,,,,,,,,,,,,
e. EFL,,,,,,,,,,,,,,,,,
TRUE,0,51,143,,194,,,,,,,,,,,,
FALSE,1,20,40,,60,,,,,,,,,,,,
,,,,,,,,,,,,,,,,,
%true,,0.262886597938144,0.737113402061856,,1,,,,,,,,,,,,
%false,,0.333333333333333,0.666666666666667,,1,,,,,,,,,,,,
,,,,,,,,,,,,,,,,,
f. income ,,,,,,,,,,,,,,,,,
0-10,0,14,41,,55,,,,,,,,,,,,
10--20,1,22,57,,79,,,,,,,,,,,,
20--30,2,20,55,,75,,,,,,,,,,,,
30--50,3,13,25,,38,,,,,,,,,,,,
50+,4,1,3,,4,,,,,,,,,,,,
,,,,,,,,,,,,,,,,,
%0-10,,0.254545454545455,0.745454545454545,,1,,,,,,,,,,,,
%10--20,,0.278481012658228,0.721518987341772,,1,,,,,,,,,,,,
%20--30,,0.266666666666667,0.733333333333333,,1,,,,,,,,,,,,
%30--50,,0.342105263157895,0.657894736842105,,1,,,,,,,,,,,,
%50+,,0.25,0.75,,1,,,,,,,,,,,,